"subj_id","O","C","E","A","N"
"S01",4.428571429,4.5,3.333333333,5.142857143,1.625
"S02",5.714285714,2.9,3.222222222,3,2.625
"S03",5.142857143,2.8,6,3.571428571,2.5
"S04",3.142857143,5.2,1.333333333,1.571428571,3.125
"S05",5.428571429,4.4,2.444444444,4.714285714,1.625
"S06",4.428571429,2.2,3.111111111,4.571428571,4
